.545542,3.801399,-2.140323
.451449,3.718019,-1.980060
.457670,3.844417,-2.018648
.551375,2.798603,-2.033884
.565059,2.817278,-2.163556
.530724,2.695471,-2.100350
.353289,3.282305,-1.871514
.320905,3.223919,-1.743537
.366861,3.181526,-1.610913
.959084,4.882982,-3.839567
.979887,4.776596,-3.651213
.110255,4.845303,-3.904582
.201635,3.168935,-1.614171
.284520,3.096989,-1.496658
.315330,0.829527,-1.112948
.435371,0.889752,-1.096195
.330963,0.904285,-1.190641
.088470,3.461827,-1.902483
.899879,3.435803,-1.887135
.040095,3.436229,-1.740672
.462077,4.141141,-1.632225
.443572,4.107824,-1.504432
.508775,4.115952,-1.718147
.630303,1.829798,-2.124546
.596484,1.878405,-1.899443
.556262,1.954565,-2.077241
.084323,4.024325,-3.594844
.060011,4.063197,-3.729459
.141379,4.097675,-3.751295
.478024,2.159607,-1.966507
.454031,2.274639,-1.858935
.460439,2.212812,-2.043937
.895599,1.632667,-1.859915
.862755,1.611124,-1.758698
.894173,1.528880,-1.733920
.132179,4.858977,-2.638701
.956804,4.742399,-2.620561
.076611,4.805311,-2.539332
.872734,3.412323,-1.732499
.704678,1.717398,-2.180242
.630186,1.843851,-2.253284
.031609,4.598739,-3.177631
.959626,4.616414,-3.203706
.059247,4.470622,-2.909864
.226131,4.368670,-2.995229
.193632,4.282248,-2.771163
.243149,4.224827,-2.808467
.211270,4.715505,-3.870073
.146001,4.677977,-3.657136
.224612,4.564374,-3.615216
.621785,0.604719,-2.764727
.706241,0.550731,-2.855851
.597406,0.538516,-2.755779
.102887,4.619077,-3.342128
.014808,4.667649,-3.376215
.168158,4.555945,-3.310063
.068321,4.700993,-3.563703
.061223,4.345175,-2.669018
.016494,4.367600,-2.685277
.128436,4.239476,-2.579399
.962824,4.497018,-2.939677
.259551,2.321641,-3.141259
.150948,2.405400,-3.096097
.298713,2.506314,-3.100707
.685588,3.362106,-1.746947
.539082,3.278006,-1.685654
.655461,3.241525,-1.505994
.352715,3.454334,-1.795725
.425919,3.580205,-1.742887
.375422,3.485262,-1.930384
.907912,3.373005,-2.451594
.737585,3.391374,-2.214231
.049179,3.448512,-2.224018
.013546,0.557014,-2.416816
.030843,0.650151,-2.421261
.078515,0.580174,-2.549506
.390946,3.039629,-1.469021
.360305,3.148571,-1.412521
.367424,3.166092,-1.515617
.612339,1.948541,-1.727890
.561366,2.006014,-1.807023
.820306,3.423728,-2.063489
.974373,3.449644,-2.077821
.019907,0.957106,-2.907722
.013986,1.012685,-2.742088
.075521,1.008639,-2.779255
.842744,4.179572,-2.154244
.771202,4.187876,-1.939049
.931500,4.210547,-1.962509
.104040,2.974723,-2.678625
.016232,3.010134,-2.631994
.120677,3.093549,-2.655207
.462832,2.513052,-1.990760
.520249,2.704839,-1.983926
.050987,3.402478,-2.425367
.491572,4.025654,-1.611978
.643431,4.014874,-1.381076
.546269,4.073083,-1.617042
.105834,2.412694,-0.778826
.263838,2.401163,-0.805200
.234807,2.475863,-0.877234
.697501,4.168573,-1.802383
.832271,4.183026,-1.657260
.313486,3.311966,-1.816564
.343965,3.333971,-1.988153
.214190,3.475456,-2.034650
.919156,4.733361,-3.532908
.438616,3.311258,-1.894890
.704476,4.140994,-1.616368
.690826,4.101686,-1.503620
.171452,3.445933,-2.315706
.249698,3.468337,-2.177045
.676656,1.794948,-1.897025
.693577,1.730761,-2.058453
.125903,4.378045,-2.805314
.243002,4.477620,-3.380157
.442121,3.510067,-2.215641
.480015,3.614316,-2.178870
.519229,3.539105,-2.321379
.337736,3.427397,-2.365439
.482841,2.473955,-3.084031
.599471,2.375980,-3.126418
.456329,2.412056,-3.170273
.074194,4.222476,-2.452451
.975701,4.295663,-2.556030
.816414,3.334152,-1.566040
.907742,4.221475,-2.471167
.929958,4.188418,-2.322828
.217158,3.421711,-1.647890
.015082,3.401113,-1.618426
.095782,3.353057,-1.516317
.483463,2.373078,-2.155291
.457536,2.395615,-1.966259
.475633,2.502915,-2.106194
.880225,4.578364,-3.197093
.488324,2.863931,-2.012928
.425663,2.909441,-1.909072
.424585,2.938570,-2.085000
.944807,3.319157,-1.486511
.004343,3.255205,-1.389144
.620852,4.109532,-2.038803
.635133,4.258766,-2.111470
.569796,4.119673,-2.005482
.347106,3.072947,-1.692432
.315094,3.188872,-1.686249
.333075,3.063456,-1.833441
.715385,3.294256,-0.828642
.772287,3.381807,-0.798823
.698737,3.430306,-0.829773
.830701,3.484683,-0.819430
.749031,3.561310,-0.863594
.998951,4.958233,-4.057660
.917640,4.922825,-3.917146
.030955,4.947997,-3.988481
.774332,3.971810,-1.209411
.774450,4.054559,-1.338746
.723064,4.415453,-2.211082
.587211,4.345254,-2.179039
.424457,4.178517,-1.813630
.374331,2.969189,-1.882782
.799957,3.232224,-0.829194
.789307,3.705046,-0.943422
.824718,3.896399,-1.099615
.714052,3.697714,-0.972531
.355132,4.168363,-1.602106
.340815,4.110747,-1.406674
.913578,4.433697,-2.859330
.205864,0.842067,-0.899876
.207214,0.735472,-0.853930
.348241,0.877678,-0.856720
.395706,3.485521,-2.074159
.557449,1.635610,-2.839252
.490425,1.869318,-2.985968
.611636,1.797794,-2.938910
.224774,3.358915,-2.649787
.024547,3.425092,-2.656191
.088408,3.576086,-2.643383
.448212,4.260164,-2.147943
.411865,4.195151,-2.003810
.503130,4.183531,-2.014931
.870854,3.283463,-0.800683
.862905,3.672882,-0.916806
.447844,2.272239,-2.472708
.385567,2.297595,-2.617064
.375944,2.451380,-2.512573
.556988,2.003807,-2.202386
.539109,2.056988,-2.020733
.372568,3.295443,-2.256691
.437195,3.328244,-2.063396
.469813,2.297956,-2.076208
.310988,3.181818,-1.856173
.208691,4.129509,-2.546844
.374570,3.470892,-2.042814
.319718,3.468921,-1.888591
.921385,3.848711,-1.043454
.566992,0.953979,-1.947550
.633686,0.999610,-1.878360
.615781,1.108479,-1.959630
.395033,3.453938,-2.205040
.845426,3.028853,-0.848623
.925998,3.154134,-0.791429
.962424,3.428317,-0.843257
.908246,3.578885,-0.872636
.697673,2.145308,-3.542815
.749431,2.249924,-3.493082
.861692,2.089355,-3.536680
.944262,4.003497,-2.345252
.032618,4.045822,-2.454420
.089386,4.087674,-2.397287
.372443,3.283808,-2.118535
.490424,3.696342,-2.074083
.538559,3.681849,-2.256576
.992307,1.161748,-2.720463
.983693,1.275741,-2.738476
.084524,1.185189,-2.709655
.174664,2.172421,-3.147232
.039711,2.186543,-3.109367
.952366,3.074656,-0.802266
.884586,4.008226,-1.218024
.965389,3.952611,-1.141880
.531158,3.444322,-2.365955
.455610,3.382142,-2.256931
.499657,2.158890,-2.247834
.309873,3.542499,-2.610050
.187716,3.737003,-2.623849
.296489,3.737931,-2.581507
.017459,3.202970,-0.795057
.962992,3.756325,-0.984004
.895454,2.964301,-0.870009
.974783,2.988507,-0.843194
.295318,4.652105,-4.243678
.296873,4.781878,-4.212254
.313438,4.627277,-4.218485
.524445,2.289943,-2.267126
.212995,4.517039,-2.880538
.438725,4.574060,-2.957989
.286333,4.389186,-2.836884
.432854,2.457371,-2.362529
.380166,2.634967,-2.313022
.438947,2.511245,-2.242843
.651945,1.110233,-2.495802
.728025,1.083602,-2.411925
.685415,0.981198,-2.362101
.120288,4.371335,-2.806912
.171493,3.895132,-2.962544
.233899,3.967054,-2.998411
.255497,3.935076,-2.786262
.255403,2.898806,-1.148462
.341998,3.028711,-1.231813
.166672,3.016638,-1.188277
.520655,0.970807,-2.509451
.364942,2.693061,-2.168081
.428772,2.554775,-2.109044
.778897,1.207981,-2.413151
.546437,3.628511,-2.443045
.631458,3.641371,-2.334725
.626219,3.527640,-2.425920
.654208,3.379996,-1.892795
.251096,3.449680,-1.758245
.061345,2.383926,-1.129433
.028693,2.556275,-1.199482
.939196,2.389020,-1.186984
.039017,3.063747,-0.811878
.183720,1.095723,-0.798833
.204371,1.029783,-0.824597
.251256,1.122601,-0.790622
.081378,3.865703,-1.102054
.629671,0.841119,-1.955815
.423974,0.725954,-2.125339
.543199,0.800602,-2.196355
.861595,1.324981,-2.336644
.865053,1.207009,-2.272567
.491207,1.954921,-2.374968
.507736,2.135234,-2.276707
.529983,1.847858,-2.185881
.340368,0.769227,-1.704705
.481818,0.814728,-1.819239
.308631,0.660344,-1.801977
.550508,2.670449,-2.213841
.612976,2.813821,-2.282012
.637709,2.744061,-2.370566
.888950,1.523354,-2.085981
.827349,1.621436,-2.241487
.906490,1.527063,-2.252444
.125441,2.501861,-1.145487
.111670,2.746886,-1.252750
.978142,2.687648,-1.267607
.060929,2.786378,-1.268069
.943769,2.239100,-0.686911
.105083,2.199438,-0.696740
.973736,2.323692,-0.716495
.424629,2.236484,-0.766879
.544832,2.318854,-0.849271
.427714,2.391158,-0.865985
.336196,1.335565,-0.749903
.222336,1.407642,-0.697547
.239944,1.321501,-0.729375
.098047,3.351245,-0.888834
.091321,3.213428,-0.820167
.547435,1.757265,-2.089118
.530827,1.887703,-1.949714
.387740,3.350846,-1.299544
.432293,3.462591,-1.249140
.431090,3.502389,-1.460824
.484824,3.908403,-2.096963
.574108,3.940396,-2.195360
.118951,3.373518,-2.490773
.271868,3.361410,-1.533897
.192864,2.638107,-1.173869
.200453,4.149662,-3.607248
.183891,4.204377,-3.889281
.250304,4.295884,-3.681859
.153710,0.874716,-0.997706
.123392,0.942434,-0.919197
.932363,0.919138,-0.968737
.362690,3.156098,-1.314100
.323637,3.274950,-1.413717
.246892,3.127433,-1.285945
.649977,3.760398,-2.234491
.701692,3.854637,-2.265807
.688342,3.894524,-2.142319
.315269,3.311268,-1.727260
.645508,3.927900,-2.449146
.812146,4.060785,-2.563883
.829729,3.958664,-2.457603
.483936,2.370722,-2.032562
.496415,2.335563,-2.206293
.519957,2.137729,-2.140594
.717310,3.357010,-2.354062
.493875,2.132716,-2.150216
.511981,3.397773,-2.353295
.694495,0.685947,-1.511954
.597604,0.706311,-1.211217
.517972,0.678671,-1.557251
.384572,1.073866,-0.840097
.419096,0.850395,-1.041580
.321988,0.927316,-0.921095
.290316,0.786122,-1.021602
.965765,1.376039,-2.079384
.937518,1.519338,-2.137885
.944761,1.570520,-2.049669
.800138,1.069130,-2.297116
.210391,4.276963,-4.020994
.214915,4.340150,-4.104547
.284023,4.470413,-4.092733
.093929,2.297947,-1.121642
.105318,2.161159,-1.087494
.174629,2.257914,-1.070541
.647385,2.627888,-1.034685
.762118,2.651691,-1.103163
.592550,2.744712,-1.138944
.247635,2.116828,-0.681854
.286370,2.276287,-0.751848
.376859,1.178162,-0.810796
.298346,1.237182,-0.790598
.112107,3.771739,-1.077259
.171647,4.015188,-1.248474
.468515,2.082770,-2.456815
.481335,2.051994,-2.368504
.405608,1.972637,-2.593376
.219262,3.295865,-1.895460
.552729,3.416821,-2.185321
.722014,3.348147,-2.054414
.720283,3.333459,-2.226647
.224206,1.885297,-1.130798
.192636,2.063169,-1.069702
.027665,1.981187,-1.175007
.044283,2.108948,-1.128033
.221559,2.461802,-1.116343
.440331,1.800958,-2.509835
.511001,1.767175,-2.315082
.129193,1.276944,-0.758801
.116757,1.344448,-0.718559
.013153,1.369199,-0.722649
.431928,2.559277,-0.972111
.296752,2.575814,-1.030613
.358209,2.492426,-0.940718
.268204,1.714097,-0.704342
.373288,1.697910,-0.711439
.309444,1.818556,-0.703487
.394226,4.635983,-2.733194
.194937,4.519197,-2.565263
.231858,4.461090,-2.553177
.003659,1.259432,-0.773582
.013128,1.160667,-0.776056
.411409,4.834622,-2.744892
.240252,4.704139,-2.584096
.238369,4.630039,-2.614078
.598644,1.202987,-1.916293
.508491,1.187366,-2.083498
.785636,3.407280,-1.781978
.745946,3.522873,-1.886614
.709431,3.517233,-1.707083
.631335,3.194557,-2.505208
.765276,3.143268,-2.563538
.668253,3.013881,-2.463012
.269403,2.047700,-1.067210
.263947,2.260448,-1.040581
.370638,2.539020,-1.111549
.441867,1.091009,-1.418540
.455962,0.990753,-1.453001
.574473,1.109173,-1.469385
.560135,4.638973,-3.023148
.702722,4.763606,-3.172484
.725536,4.562793,-3.050220
.097444,1.204406,-0.754380
.279521,4.443140,-4.144881
.163118,2.932806,-1.655445
.143618,2.895009,-1.559659
.268990,2.732229,-1.604199
.338886,2.393229,-1.067789
.322826,2.666801,-1.166112
.228929,2.837823,-1.265910
.297318,0.968514,-1.441180
.282184,1.020438,-1.436243
.207862,1.040129,-1.450109
.455946,3.768406,-2.477385
.551100,3.754407,-2.407526
.457976,3.678635,-1.641460
.418537,3.683212,-1.776426
.435150,3.599441,-1.968828
.526124,3.120497,-1.403193
.906109,0.711159,-2.514058
.012634,0.647389,-2.401546
.808188,0.629902,-2.456062
.278617,1.412003,-2.528911
.356779,1.357850,-2.464565
.203075,1.378339,-2.386538
.374736,1.853007,-1.104462
.346385,1.942857,-1.094991
.357443,2.192006,-1.040025
.372479,2.287562,-1.033245
.433890,2.683694,-1.085189
.402948,2.809588,-1.253374
.371618,2.119459,-0.709768
.086084,4.780545,-4.108940
.160295,4.493989,-4.152626
.111866,4.486731,-4.057295
.406542,2.044973,-1.067723
.443689,2.416307,-1.083266
.366522,2.922881,-1.306263
.135121,1.162723,-0.754068
.027050,2.070276,-0.677364
.896818,4.024576,-3.225891
.905074,4.075855,-3.252743
.949095,3.980793,-3.255757
.411789,1.299617,-1.467851
.361478,1.373888,-1.498066
.302990,1.220160,-1.457636
.269948,2.683765,-1.116397
.169402,0.620729,-2.609523
.088282,0.650973,-2.541976
.143354,0.739552,-2.543846
.434469,2.169687,-1.052516
.461292,0.927996,-0.999143
.745913,1.556206,-1.204230
.710966,1.384978,-1.292129
.807718,1.358973,-1.206944
.069291,4.194486,-2.344191
.183851,3.282161,-1.811286
.519757,0.720079,-2.709644
.271171,0.731025,-2.615424
.619865,0.819931,-2.693864
.372401,1.739188,-1.157391
.489059,1.767277,-1.135111
.473689,2.292265,-1.041654
.483131,2.636260,-1.147803
.301189,1.566823,-0.723189
.300944,2.809742,-1.143054
.177681,2.806401,-1.113419
.272033,3.950292,-2.623104
.282514,3.955087,-2.523074
.250701,3.829137,-2.618026
.501751,2.647731,-1.031414
.061869,1.064065,-0.797700
.214684,2.531677,-0.985161
.010955,4.074969,-3.733681
.054233,4.173872,-3.898963
.134913,3.210315,-2.660536
.285472,3.215762,-2.656480
.485250,1.986626,-1.043760
.492494,2.758902,-1.210566
.139276,1.833101,-0.647581
.080665,1.956591,-0.666688
.964183,1.897789,-0.654209
.960249,1.376958,-1.925557
.964270,1.500840,-1.974059
.945208,1.497446,-1.837304
.558339,0.766238,-1.008210
.426984,0.754207,-1.004264
.048839,3.186603,-1.563184
.219295,3.005836,-1.407539
.190608,3.562274,-2.636003
.168080,3.834378,-2.770864
.095964,3.843922,-2.842828
.496092,1.635112,-1.228457
.522389,1.943694,-1.055260
.533900,2.087048,-1.033329
.492574,2.515867,-1.104646
.516360,2.962161,-1.347984
.511507,1.248721,-1.433537
.365665,1.163367,-1.432861
.785651,2.267291,-0.952003
.761580,2.424716,-0.984173
.651604,2.439841,-0.970076
.560727,0.868328,-1.069006
.259889,0.651940,-1.948829
.210581,0.622441,-2.098838
.487177,0.978158,-1.237770
.351085,0.622716,-2.678151
.548761,1.864015,-1.093256
.554332,2.254048,-1.056237
.908290,1.031721,-0.863644
.539690,2.428789,-0.930799
.547014,2.549568,-0.969675
.527907,1.383945,-1.486602
.524998,1.520860,-1.589034
.770156,2.115985,-0.910310
.678483,2.253600,-0.931915
.429874,1.527873,-1.583462
.433094,1.440516,-1.552127
.513978,1.611324,-1.686823
.732039,0.959073,-2.242044
.849640,1.073986,-2.175689
.844318,1.042114,-2.074491
.751975,2.539230,-1.020488
.914884,0.910296,-2.931581
.019794,0.889497,-3.120107
.877886,0.826961,-3.038565
.612988,3.572626,-1.565753
.712704,3.449899,-1.627596
.886476,1.331424,-0.734035
.763812,1.375693,-0.760581
.782773,1.251438,-0.810731
.273872,0.705220,-0.794031
.249938,0.622838,-0.818504
.641590,1.965982,-1.065378
.585370,2.390371,-1.075174
.582510,2.517878,-1.111806
.619919,2.805247,-1.244376
.648478,2.929273,-1.339766
.969901,1.491311,-0.708102
.139014,1.605288,-0.695910
.992327,1.616292,-0.686528
.746339,2.746475,-1.183588
.732176,2.897508,-1.266945
.596517,2.998091,-1.282344
.318963,2.727417,-1.779798
.257697,2.845963,-1.828964
.620028,1.811094,-1.099175
.597530,2.675663,-1.182887
.224545,1.899812,-0.691728
.410612,2.739836,-1.156001
.562734,0.981469,-1.231368
.666801,0.918979,-1.158203
.649768,1.018791,-1.282190
.672376,2.113292,-1.032742
.631234,2.191982,-1.037663
.678130,2.259159,-1.059603
.531841,2.936554,-1.244215
.138727,2.322677,-0.731352
.078045,2.869628,-1.120205
.285525,4.153916,-2.963861
.277449,4.226697,-2.928436
.274045,4.076622,-2.833485
.643590,0.819701,-1.059424
.915998,1.420506,-1.746449
.109858,3.908205,-3.093302
.076394,3.943644,-3.255499
.148365,3.988104,-3.340682
.666781,2.662246,-1.184262
.542235,1.168219,-1.433999
.820919,4.130622,-1.466453
.884323,4.096527,-1.362081
.522610,3.876239,-2.426583
.634258,3.827611,-2.347844
.966209,0.588620,-2.182407
.981920,0.653823,-2.273936
.997457,0.560231,-2.267224
.683861,2.420223,-1.067812
.714688,2.550996,-1.122829
.187554,0.821244,-1.524674
.115421,0.886661,-1.483801
.052595,1.692235,-0.648288
.951197,1.692172,-0.654114
.036084,0.806435,-0.967058
.946878,0.877728,-0.968220
.692966,0.803785,-0.851168
.721033,0.980342,-1.219500
.741815,1.163764,-1.265682
.630421,1.081582,-1.372182
.720346,1.793152,-1.114399
.657523,1.729732,-1.143096
.717494,2.717341,-1.188334
.763399,2.798186,-1.230680
.157057,3.792147,-2.674602
.229739,3.855305,-2.735175
.820248,1.058390,-1.223969
.781107,1.998149,-1.094840
.771968,2.076283,-1.068519
.806964,2.372455,-1.104129
.780054,2.256706,-1.095720
.397687,3.889596,-1.724987
.416897,3.914326,-1.949032
.389673,3.827019,-1.859582
.415422,0.980877,-0.912708
.830802,4.573463,-2.323028
.804689,0.840582,-1.112740
.809377,2.156278,-1.088975
.766854,3.148536,-1.563352
.671799,3.058030,-1.445860
.809498,4.987339,-3.234576
.835067,4.895391,-3.279469
.777241,4.964173,-3.265138
.143205,2.660661,-1.080026
.118971,4.178946,-3.941131
.140991,4.134290,-3.866216
.742795,4.301990,-2.159246
.436229,4.010975,-2.002250
.517064,4.045094,-2.088729
.831807,0.941277,-1.184714
.087274,4.546247,-3.112090
.158336,1.886343,-2.922278
.064318,1.985712,-2.994517
.154851,2.035966,-2.952217
.792717,1.673962,-1.135426
.790732,1.890531,-1.123064
.822674,2.509406,-1.121801
.815104,2.656160,-1.153104
.854969,3.077439,-1.473952
.547833,4.479491,-2.921572
.670705,4.420346,-2.885200
.198912,4.164781,-2.623710
.295836,4.254086,-2.723288
.414433,4.232950,-2.628831
.783360,4.235159,-2.177192
.830685,4.384053,-2.220163
.860194,1.836502,-1.109181
.897665,2.894072,-1.317100
.932138,3.027507,-1.419497
.659722,3.811700,-2.124118
.609153,3.882708,-1.964919
.726456,0.922840,-2.080472
.597701,1.380065,-1.482886
.883021,1.615541,-1.138556
.882517,1.959152,-1.119619
.872664,2.747826,-1.209610
.215476,3.989985,-3.170295
.351036,1.467646,-0.725329
.150012,1.498877,-0.696226
.897290,4.551196,-2.295005
.637339,1.130510,-1.905640
.886027,1.211574,-1.199403
.880709,2.127988,-1.117265
.898576,2.482986,-1.139945
.373975,3.355258,-1.500753
.269638,4.436634,-3.883322
.113912,2.568975,-1.064601
.905054,0.819609,-1.129417
.973004,1.266530,-1.188762
.966833,1.418878,-1.151817
.956871,1.870476,-1.105745
.283769,4.586239,-3.971938
.257423,0.882125,-1.354617
.359970,0.944982,-1.368131
.025456,2.696495,-1.071888
.860592,2.749486,-1.089666
.908260,2.681628,-1.078540
.974388,0.917570,-1.182360
.998077,1.044630,-1.214239
.992174,1.591955,-1.137909
.961663,2.035583,-1.088233
.959491,2.214571,-1.097967
.950253,2.591249,-1.176071
.682492,3.618199,-2.189111
.689370,3.653134,-1.995954
.872910,4.604577,-3.073807
.827916,4.527128,-3.045686
.848864,4.605189,-3.136003
.201657,4.135302,-2.533520
.258596,4.191721,-2.429047
.042648,1.779261,-1.133095
.053435,2.397511,-1.085894
.973032,2.731553,-1.245874
.078790,2.900073,-1.341641
.000895,2.984762,-1.397947
.053121,3.089725,-1.473083
.922835,3.206594,-1.604594
.582506,4.128616,-1.781954
.537652,4.110875,-1.927660
.476139,4.077475,-1.790706
.918332,4.457460,-2.280957
.006682,4.629673,-2.350595
.024063,4.713363,-2.419291
.046524,3.100398,-1.242816
.143328,3.221366,-1.350814
.949523,3.186969,-1.321077
.967010,0.798844,-1.149022
.929141,1.419620,-2.214890
.928350,1.341780,-2.218112
.032513,4.596433,-2.353534
.085851,1.583437,-1.151859
.047237,1.961210,-1.098434
.040054,2.109153,-1.084917
.040053,2.193250,-1.093942
.073133,2.305164,-1.066149
.064456,2.520941,-1.123229
.055632,2.716915,-1.233958
.143056,1.731523,-0.662404
.384821,2.611907,-1.895936
.448833,2.448324,-1.873864
.741445,0.571962,-2.450258
.754845,0.593670,-2.506724
.057862,0.921796,-1.171077
.113305,1.042247,-1.244723
.110827,1.149522,-1.251495
.108941,1.350057,-1.206984
.150476,1.826287,-1.154966
.177564,2.795593,-1.250222
.436461,2.827840,-1.194941
.394020,2.927509,-1.199525
.044963,1.797963,-0.631864
.042984,4.518682,-2.401753
.091722,2.013287,-1.105921
.150647,2.112207,-1.116493
.145233,2.183850,-1.082392
.134939,2.641814,-1.171164
.110604,4.697649,-2.422767
.267082,4.812630,-2.562026
.542709,4.108698,-1.906887
.481331,4.159385,-1.908484
.161704,1.558534,-1.189572
.145071,1.994640,-1.137738
.876326,2.388650,-0.759924
.966533,2.447148,-0.810994
.187351,2.248331,-1.068100
.919075,3.034667,-1.214788
.915842,2.881786,-1.132113
.223956,1.159022,-1.292475
.234226,1.400882,-1.253837
.265150,2.355355,-1.048668
.216373,2.434083,-1.053761
.979893,4.016307,-3.571279
.973310,4.082652,-3.639632
.355181,3.218748,-1.297606
.218381,1.928694,-1.139361
.267865,2.585853,-1.114312
.712219,1.456454,-1.544847
.654401,1.545417,-1.587759
.791034,0.656359,-2.534369
.265038,1.613188,-1.212233
.264733,1.781718,-1.157711
.242940,2.088711,-1.080951
.265143,2.240243,-1.066205
.292139,2.460122,-1.080465
.510346,2.171194,-1.999581
.481468,2.310471,-1.858341
.170145,1.084567,-1.410567
.935508,2.059629,-0.678246
.164486,4.776260,-2.471162
.242514,4.869984,-2.550378
.316246,1.925586,-0.962387
.320523,2.049891,-0.930933
.874740,1.451396,-2.314471
.893595,1.568670,-2.221561
.465639,3.450391,-1.963051
.302360,1.358905,-1.269167
.300774,1.163173,-1.289698
.348245,2.596121,-2.453449
.264962,2.781889,-2.383111
.469866,3.316731,-1.497593
.446758,3.193146,-1.351735
.532951,1.749028,-1.842674
.508660,2.026794,-1.802278
.198493,4.089827,-3.478869
.244154,4.100362,-3.359955
.310800,1.041705,-1.093082
.247113,0.930111,-0.960896
.348332,0.961135,-0.913626
.331012,1.537076,-1.203139
.373723,2.488045,-1.066977
.395353,2.889984,-1.266496
.366322,2.654654,-1.127077
.128426,3.121741,-2.801621
.167846,3.027650,-2.913416
.086200,3.004815,-2.908386
.180070,2.042009,-0.669910
.086338,3.705455,-2.627443
.274507,4.092623,-3.070670
.366388,1.227318,-1.217836
.381806,1.403658,-1.174038
.420035,1.563843,-1.037952
.362772,3.151850,-1.144414
.346706,3.132618,-1.255892
.375178,3.071693,-1.157251
.233952,1.236537,-1.385260
.345558,2.325327,-1.044041
.508597,2.806329,-1.171844
.394506,3.004475,-1.370461
.459923,1.023158,-0.995138
.476487,3.998302,-2.452109
.640099,4.025938,-2.502562
.635202,1.633699,-1.681343
.402754,3.395014,-1.608597
.616393,3.397067,-1.996197
.411003,2.402636,-1.060268
.467642,0.922051,-0.836744
.453919,1.057261,-1.075510
.398773,1.104829,-1.168111
.223783,3.935061,-1.238777
.456294,2.612063,-1.086961
.588263,4.316957,-2.728388
.715725,4.376870,-2.793775
.411462,4.955693,-2.688239
.348364,4.957918,-2.635738
.419192,5.040908,-2.739646
.357076,0.801610,-0.793847
.486392,0.847330,-0.795990
.471427,0.968852,-0.889509
.677001,2.657481,-1.105721
.688813,2.524543,-1.058295
.794409,2.558986,-1.067554
.498492,2.452858,-2.222939
.086188,3.278208,-1.744233
.590907,5.089741,-2.907394
.686080,5.065734,-3.055020
.624278,5.136523,-2.992630
.471542,2.472870,-1.050325
.478765,1.524166,-0.773838
.130292,4.948448,-4.091862
.573019,1.059203,-1.658733
.578482,1.215731,-1.593130
.614919,1.141050,-1.800709
.515950,2.949500,-1.257114
.334793,3.828372,-2.507022
.645531,2.185983,-0.877615
.683759,2.035337,-0.854728
.546128,1.074873,-1.009044
.494735,1.231750,-1.029292
.987600,1.711838,-2.918370
.084510,1.658672,-2.933659
.080830,1.531165,-2.856349
.632277,3.202211,-1.452042
.556814,3.223299,-1.418226
.639619,3.093688,-1.342034
.535854,2.590960,-1.082269
.666441,1.245885,-1.493262
.654769,1.336020,-1.485952
.616397,0.965569,-0.928415
.403106,3.981219,-1.905201
.412291,3.992360,-1.748092
.442037,4.051646,-1.920721
.643857,3.333598,-2.386604
.552439,1.001713,-1.374276
.424106,0.945630,-1.496605
.797115,3.915460,-2.341959
.600663,2.677818,-1.109218
.034446,0.639864,-3.284729
.926144,0.693223,-3.214252
.123682,0.757394,-3.283111
.445817,1.820685,-0.735600
.387945,1.949327,-0.732068
.677098,0.885135,-0.873712
.602338,1.024178,-0.984864
.635063,1.081949,-0.939524
.270985,3.293544,-2.160450
.427636,3.439202,-1.771853
.030004,3.765402,-2.647076
.469990,2.025148,-0.725582
.524983,1.913817,-0.712887
.568342,2.030886,-0.676782
.922929,1.744230,-0.654153
.615218,2.322749,-0.895124
.641900,2.144643,-0.691068
.541736,2.167605,-0.725623
.576285,2.495838,-1.058625
.641624,2.997208,-1.257709
.032351,1.671847,-3.031774
.932055,1.633862,-3.109664
.906589,1.749477,-3.141460
.326926,2.028829,-0.699399
.875394,4.690114,-2.518703
.608536,1.851228,-0.710686
.632605,2.003317,-0.667587
.654925,1.155405,-0.884095
.592201,1.251341,-0.900413
.619783,1.616427,-0.770618
.685135,1.653939,-0.743160
.685168,2.281294,-0.718786
.562760,2.290359,-0.778684
.559593,3.363894,-1.639996
.795643,0.543505,-3.024931
.741268,0.557490,-2.964015
.432257,0.535572,-3.089837
.687000,2.768967,-1.122790
.722652,3.115414,-1.305757
.741198,0.963414,-0.956788
.670924,1.351331,-0.822340
.711760,1.159488,-0.871994
.700020,1.494159,-0.781378
.705667,1.824107,-0.698506
.685034,2.014865,-0.685266
.733618,2.220280,-0.693072
.710580,2.364271,-0.773498
.647620,3.928926,-2.301029
.660427,3.785699,-2.355716
.539188,3.414063,-1.802615
.753800,3.004716,-1.225696
.770544,3.206060,-1.385655
.604875,0.884592,-2.324233
.442665,1.676926,-2.460217
.729152,1.653281,-0.752435
.770221,2.083319,-0.675270
.776596,1.010751,-0.908769
.786420,1.722155,-0.705802
.801041,1.922957,-0.662337
.757807,2.663772,-1.089333
.794142,2.821754,-1.119043
.885385,2.850975,-1.291453
.829005,1.137221,-0.834545
.833914,1.594433,-0.734615
.844080,1.816935,-0.671647
.805986,2.297633,-0.710146
.816223,2.191445,-0.693339
.483190,2.307299,-2.325903
.913431,2.618001,-1.081984
.998866,1.818346,-2.952634
.445590,0.977308,-1.295092
.800765,1.468916,-0.745764
.887458,2.046356,-0.665147
.916360,2.533033,-0.968642
.666517,2.437291,-0.889123
.954761,2.563137,-1.063643
.496563,2.621032,-1.868033
.593847,0.899317,-1.079488
.584729,0.808150,-1.057994
.470488,2.107461,-0.751323
.523900,4.997919,-2.822276
.760112,4.572558,-2.371180
.047462,2.541248,-1.211162
.925728,2.553339,-1.141306
.006841,2.428022,-1.125572
.201729,4.269608,-2.335917
.381194,4.278646,-2.437707
.353647,4.315657,-2.408857
.454581,1.301514,-0.818773
.442136,1.408700,-0.773026
.683208,0.584034,-0.889289
.858059,0.605970,-0.910277
.610574,0.615328,-0.826636
.874753,2.467149,-1.052681
.855803,2.383330,-1.002883
.783850,1.467557,-1.583913
.760721,1.368389,-1.545248
.657704,1.718629,-0.838506
.685694,1.800840,-0.818656
.564629,1.826194,-0.766663
.775948,1.276929,-1.563713
.339609,1.457480,-1.442704
.267976,1.358523,-1.362323
.455388,2.178343,-2.500430
.957558,0.653189,-1.107177
.842691,0.615234,-1.072033
.847019,1.437376,-1.634721
.697113,1.124943,-1.555493
.967569,4.242308,-2.710718
.133811,4.234083,-2.724049
.564057,1.102359,-0.935487
.725038,1.066281,-1.049336
.718540,1.181637,-0.961639
.941519,0.954855,-2.886136
.879413,0.850546,-2.717929
.803604,0.876417,-2.919159
.953023,1.367013,-3.062065
.070614,1.342185,-2.937285
.062284,1.245654,-2.888855
.442092,4.357677,-2.488890
.264454,4.368768,-2.456422
.578046,1.368129,-0.878276
.639450,1.514739,-0.863007
.529988,1.452749,-0.820069
.627621,3.774612,-1.904551
.712218,0.610142,-2.792340
.008339,3.671939,-0.957684
.589544,1.217154,-0.907620
.494763,1.226992,-0.835882
.661903,4.000698,-2.055081
.435172,0.637749,-0.768961
.334180,0.612163,-0.792748
.454382,0.595629,-0.807339
.049584,3.559499,-0.945347
.148165,2.816505,-2.602988
.281054,2.673255,-2.489399
.243277,2.638496,-2.632168
.153418,3.227778,-0.874826
.413338,1.039408,-2.254978
.460375,1.130761,-2.172149
.430320,1.159374,-2.323117
.746994,3.081558,-1.365166
.166194,2.438262,-1.265592
.019901,2.722223,-1.295594
.004433,2.634658,-1.252246
.675645,1.273956,-0.927362
.030088,4.322553,-2.345014
.076106,2.833295,-1.223164
.426771,4.376001,-2.828429
.821121,1.121064,-1.697372
.693514,0.992364,-1.668864
.784114,1.616349,-2.038981
.137884,3.112099,-0.848597
.141330,3.489822,-1.028875
.086304,4.474708,-2.473733
.180451,3.052229,-0.931236
.099700,3.020757,-0.858766
.117270,2.953868,-0.952222
.158400,4.311252,-2.327415
.216250,3.199810,-0.953053
.488577,1.792144,-1.698646
.496511,0.865405,-1.627808
.612872,0.863851,-1.773520
.252683,3.126480,-1.036237
.211954,3.315068,-0.993797
.872784,1.368431,-1.667250
.842553,1.235767,-1.664546
.285488,1.496995,-1.339328
.221554,1.526731,-1.259862
.202653,1.375543,-1.265123
.305966,2.375271,-1.417697
.321147,2.564433,-1.566788
.245152,2.502506,-1.408173
.049651,2.335563,-3.099342
.965563,2.502181,-3.050685
.174402,2.925493,-1.123742
.069786,2.888146,-1.033701
.234317,2.998078,-1.116135
.179666,3.730026,-1.154034
.919557,1.217526,-2.109711
.834783,1.556440,-1.674224
.295786,1.796125,-1.341784
.251654,1.922937,-1.277352
.206562,1.718942,-1.238835
.005781,2.003240,-1.057483
.995101,2.166975,-1.066277
.918587,2.181111,-0.993646
.778517,1.590544,-1.657773
.241404,3.437765,-1.143205
.837919,1.286273,-1.017172
.882564,1.437477,-1.037164
.799472,1.352921,-0.974833
.226715,2.059818,-1.255196
.294808,2.151340,-1.337728
.174539,2.134628,-1.176075
.297064,3.238712,-1.101423
.488667,2.724053,-3.063113
.633799,2.727419,-3.053393
.542772,2.610136,-3.095091
.679324,1.912139,-0.810518
.755591,4.890355,-3.072045
.809643,4.924267,-3.173196
.213778,3.565730,-1.194934
.518435,2.214460,-0.791464
.746209,1.442182,-0.955714
.584644,0.995741,-1.548339
.551048,4.575386,-2.783932
.798978,4.665960,-2.981392
.667938,4.778124,-2.952928
.231013,2.908917,-1.253101
.408699,1.892487,-1.517688
.259507,3.660046,-1.292946
.976460,2.626838,-3.012545
.146331,2.700138,-3.012731
.339391,1.635487,-1.411703
.952303,1.066175,-1.230742
.080989,1.112557,-1.285895
.010979,1.210400,-1.181634
.727021,0.750921,-1.114072
.793141,0.731488,-1.167910
.821157,0.835293,-1.166166
.917055,0.916440,-1.244987
.710241,0.854130,-1.103009
.791381,0.970460,-1.172471
.960462,0.863076,-1.308728
.879273,0.977729,-2.983486
.309520,3.037137,-1.203683
.361140,3.126113,-1.176856
.344288,3.344498,-1.170165
.308534,3.480140,-1.225826
.278032,3.606575,-1.292274
.269143,3.752077,-1.284328
.870987,1.175399,-1.100698
.303529,3.882639,-1.279168
.002771,2.752078,-2.992576
.422340,3.228672,-1.186359
.448471,0.657135,-0.988714
.613458,0.676011,-1.004719
.153080,1.517598,-2.944870
.728513,1.326756,-0.936019
.654675,4.336018,-2.684081
.505892,4.293024,-2.534074
.494638,4.255674,-2.599174
.744798,4.514788,-2.816914
.812796,4.513002,-2.874730
.109883,4.247090,-4.012766
.177115,4.283841,-4.061311
.431458,2.995244,-1.298457
.456106,4.744486,-2.796237
.603331,4.950051,-2.936406
.644704,0.979812,-1.082945
.846479,3.023521,-1.387185
.434905,3.313696,-1.210505
.394615,3.756490,-1.420084
.342089,3.811981,-1.329812
.368510,4.038556,-1.358617
.892442,4.025485,-2.257088
.646472,4.424142,-2.670729
.464353,4.401777,-2.575454
.605653,4.360782,-2.594521
.466603,3.058936,-1.275699
.500627,3.148021,-1.269760
.476895,3.413463,-1.295350
.396307,3.507935,-1.285743
.461418,3.645967,-1.434186
.393442,3.692292,-1.405180
.384301,3.917813,-1.379039
.831557,1.559740,-2.313729
.964318,4.088212,-2.591915
.517224,3.228018,-1.266010
.638603,1.654637,-1.208873
.786129,0.691815,-1.058190
.344973,4.196951,-2.519193
.544612,4.473565,-2.693004
.577414,4.030740,-1.869841
.700298,0.585460,-2.653650
.865663,2.061420,-0.944534
.900548,1.888390,-0.952506
.539441,0.680234,-1.058260
.545899,3.493235,-1.403952
.438332,3.881044,-1.441094
.769772,0.582851,-1.087760
.510288,0.576861,-1.047066
.539627,0.563443,-1.109831
.798981,1.144469,-1.040230
.602895,0.974763,-2.631235
.750846,0.951368,-2.695883
.584152,3.296438,-1.355667
.460299,4.026854,-1.497274
.655017,0.609538,-1.014643
.575121,1.929207,-0.780635
.006716,0.827211,-1.428572
.133738,2.756518,-1.435819
.014294,2.871523,-1.379130
.231233,1.663263,-1.279865
.143319,1.538285,-1.201419
.772157,1.606706,-0.923197
.823026,1.781117,-0.913929
.844004,1.628922,-0.982925
.574081,3.059165,-1.380220
.500457,3.806811,-1.523889
.427334,2.093323,-1.557091
.007332,3.948689,-3.221031
.990694,3.911874,-3.040338
.794626,1.934162,-0.880542
.652426,3.145782,-1.428405
.495080,3.925336,-1.540134
.107159,4.160883,-2.343789
.043953,1.391730,-1.146929
.023287,1.521935,-1.124622
.480967,5.031218,-2.756153
.609292,1.718801,-2.880595
.131758,1.731663,-1.178708
.034653,1.646055,-1.143687
.262206,0.732928,-2.419059
.455789,0.862564,-2.431171
.441203,0.782566,-2.331400
.338027,0.762703,-1.064489
.550056,3.653049,-1.545309
.851355,4.548301,-2.974111
.806890,4.461642,-2.877854
.114750,2.338727,-1.166596
.315654,2.775364,-1.999033
.133612,1.379857,-1.199860
.586572,4.822601,-2.904609
.272113,1.064601,-3.058577
.376552,1.070824,-3.199844
.360917,0.957417,-3.177789
.656296,3.274045,-1.439950
.657168,3.411492,-1.485525
.538074,2.052977,-0.801329
.011873,1.749296,-1.089886
.007212,2.290643,-1.075701
.068952,1.896626,-1.091640
.919510,1.792723,-1.000804
.149616,1.282100,-1.243974
.125095,2.195716,-1.126840
.055751,2.075429,-1.102971
.527447,4.021150,-1.641305
.406737,3.003310,-1.652137
.732737,3.306883,-1.583738
.858074,2.711630,-1.211961
.952818,1.325226,-1.089671
.411072,3.786601,-1.741414
.413910,3.695255,-1.872169
.925661,1.566871,-1.076223
.912157,1.643156,-1.057106
.707095,3.191161,-1.528308
.090372,0.710946,-0.975417
.852740,1.070874,-1.161706
.906326,1.147533,-3.044034
.014290,1.182960,-2.934565
.945664,1.069346,-3.000325
.429577,0.906538,-1.587345
.268478,0.838302,-1.538504
.982285,4.347702,-2.764036
.374364,2.240463,-1.496645
.937268,2.343143,-2.835855
.873106,2.509856,-2.751132
.964443,2.459524,-2.826339
.854995,0.566764,-2.273648
.014997,0.600642,-2.286411
.199951,2.251747,-1.217786
.887722,1.111282,-1.937831
.936345,1.231848,-1.993022
.133304,2.040091,-1.144196
.023626,4.461360,-2.802114
.136174,0.616921,-0.920605
.088022,0.684220,-0.961323
.035443,0.604381,-1.049479
.542161,2.006593,-1.938073
.407084,1.618170,-1.543757
.288469,0.665513,-1.017275
.407722,1.612783,-2.825798
.592197,1.532162,-2.756914
.591276,0.655253,-2.746207
.729998,0.747663,-2.749398
.015771,3.848028,-2.840558
.597781,1.680588,-2.213289
.330545,0.874828,-1.493533
.466137,0.745115,-0.773723
.372978,0.692464,-0.768462
.411297,0.889715,-1.522076
.731482,0.673663,-2.768534
.801727,0.812302,-2.829391
.793311,0.739460,-2.677192
.560556,1.924575,-1.960080
.745793,5.045799,-3.218887
.731146,5.073987,-3.159790
.496612,1.654272,-0.766089
.224245,4.105452,-1.358871
.915163,1.265352,-1.785200
.838005,1.062039,-1.795087
.907181,1.191756,-1.833866
.857809,1.659873,-2.152381
.836058,1.625187,-2.245728
.754457,1.687463,-2.189274
.838147,1.030412,-1.926369
.893638,1.662235,-2.001121
.939001,1.582034,-1.908155
.230466,4.499754,-4.196411
.271624,4.790090,-4.237883
.251766,4.869928,-4.205110
.613860,0.693977,-0.821200
.640875,0.534992,-3.132066
.795881,4.588835,-3.400230
.879516,4.655324,-3.379700
.515667,5.105244,-2.844424
.081364,1.803865,-1.112332
.759552,4.115697,-2.123214
.141607,4.622561,-2.856773
.406203,4.928401,-2.955112
.328997,4.726289,-2.949470
.733572,1.677715,-1.913445
.795932,4.042530,-2.163948
.300191,4.707289,-4.141275
.266150,4.830481,-4.127958
.266976,4.690578,-3.976946
.891670,0.805980,-2.603813
.276556,0.588543,-1.872804
.097363,0.568284,-1.355958
.248305,0.555252,-1.902711
.191584,2.605022,-3.063873
.794820,3.162179,-1.466939
.714439,3.170120,-1.434250
.600299,1.673800,-0.811782
.260065,4.445902,-4.175251
.496214,2.361213,-1.680983
.479584,2.437766,-1.760932
.477607,2.241142,-1.757162
.215612,0.948913,-3.141924
.475904,1.982049,-1.656716
.367145,2.381749,-1.533566
.928529,2.795331,-1.216786
.497244,1.657554,-1.717383
.775304,3.925726,-2.223761
.888278,4.201267,-2.199658
.859476,4.244888,-2.237255
.819064,2.313162,-3.064500
.610028,2.343427,-3.046154
.608214,2.425170,-3.056157
.799188,0.655865,-0.885032
.829681,0.681299,-2.206426
.645709,0.675236,-2.086830
.714849,0.686083,-2.522395
.571330,3.931516,-1.825264
.196326,0.868855,-3.235686
.292478,0.691567,-2.300489
.921075,0.696295,-0.925420
.894358,4.320042,-2.287179
.364045,1.880908,-2.639693
.009097,4.192226,-2.262201
.635572,4.103425,-2.162883
.776118,4.130746,-2.273676
.646042,4.048282,-2.266918
.386723,2.091925,-2.668028
.000541,3.267296,-2.651136
.039838,4.267265,-2.267717
.864933,4.844398,-3.241409
.854889,4.754473,-3.245026
.005839,4.386558,-2.385897
.309984,4.576775,-4.169065
.290440,4.947837,-2.628711
.957704,3.879822,-2.862944
.092452,1.096589,-2.703725
.838440,3.261986,-1.717737
.862303,4.435046,-2.933936
.835282,4.539052,-3.201244
.820115,4.404797,-3.015940
.738330,4.416449,-2.753304
.919882,1.005196,-2.731890
.678857,5.105922,-3.137179
.499712,2.867288,-1.837819
.739732,3.511931,-2.149665
.594531,2.059304,-3.041332
.562127,2.173265,-3.049892
.672857,2.248595,-3.047819
.507522,3.832080,-1.322073
.460156,3.832487,-1.465561
.469091,3.682060,-1.263540
.229687,4.300295,-3.897975
.532667,2.119983,-1.720675
.460848,2.497364,-1.867648
.271224,4.120554,-3.263217
.280622,4.235984,-3.406841
.294658,4.231114,-3.171672
.289341,4.347029,-3.414693
.286011,4.326777,-3.167490
.381813,3.010102,-1.318021
.332848,0.679932,-1.035925
.254550,0.698492,-1.112073
.282342,0.619693,-1.075736
.585302,2.849849,-1.657173
.557556,2.778221,-1.845956
.338995,0.593155,-1.046076
.606286,0.672759,-1.786007
.368459,0.662592,-1.793860
.584294,2.692173,-1.694575
.618698,2.776257,-1.651374
.335128,3.269031,-1.606904
.364358,3.432237,-1.637796
.845596,0.914549,-2.746456
.403940,3.520211,-1.652644
.273043,4.437975,-3.612023
.463006,3.622544,-1.479541
.818170,1.413947,-2.372592
.362160,3.037226,-2.036618
.869956,1.220366,-3.120948
.193832,0.755860,-1.584192
.010852,0.701443,-1.576259
.149925,0.675760,-1.705444
.132709,0.556965,-1.285881
.885005,0.560674,-1.397302
.046761,2.115162,-3.005548
.203166,2.149809,-2.906575
.865512,4.720981,-3.119233
.881520,4.714118,-3.194566
.351207,3.134567,-2.056799
.375268,3.273198,-1.169707
.449261,3.398101,-1.102614
.508198,0.904767,-1.684926
.257512,4.083486,-2.670423
.697572,0.675465,-2.907399
.587499,0.983704,-1.743893
.164228,1.364580,-2.856894
.641559,0.672525,-2.989851
.560911,0.573042,-2.951690
.168801,2.503690,-3.123973
.351898,2.458545,-3.137313
.220521,2.434922,-3.245515
.276843,1.917587,-2.791992
.291462,2.063116,-2.827668
.238117,1.986395,-2.880191
.120412,1.137868,-2.723488
.213602,1.209133,-2.663284
.138569,1.057262,-2.610451
.502677,0.605499,-3.045376
.540710,2.524160,-2.286692
.263759,1.719445,-2.772365
.191854,1.558866,-2.863800
.147563,1.710938,-2.904347
.349901,0.866863,-3.239596
.589213,2.081939,-1.622920
.491407,2.935201,-2.218620
.563637,1.039681,-1.521901
.502368,2.125435,-1.929303
.374599,2.188372,-2.686942
.301846,2.231242,-2.769794
.943211,2.593305,-3.098883
.886291,2.524279,-3.123836
.769503,2.612444,-3.107978
.303462,0.543649,-2.672954
.230924,0.539950,-2.633501
.986831,1.890203,-3.066277
.062947,1.798448,-3.016646
.312312,2.439289,-2.626701
.204621,2.472308,-2.753572
.242921,2.556513,-2.688761
.555106,1.237934,-1.763651
.455062,3.150135,-2.287616
.436415,3.023894,-2.223039
.208543,1.808531,-2.826346
.519606,2.390728,-2.272366
.184779,1.424483,-2.832706
.285733,1.470997,-2.727564
.892123,1.503562,-3.100352
.018896,1.562150,-3.005861
.988545,1.458380,-3.014245
.417750,3.209711,-2.210308
.890336,3.332922,-2.518529
.878756,3.374174,-2.361049
.030787,3.341171,-2.382661
.010933,3.318868,-2.601789
.249324,3.356107,-2.527320
.070850,3.213802,-2.704777
.798827,4.692832,-3.198653
.815201,4.821433,-3.270692
.791298,2.447314,-0.845541
.749910,0.637637,-1.213488
.852864,0.719518,-1.278841
.454183,3.717974,-1.514046
.453167,3.679218,-1.369049
.253216,2.345131,-2.743525
.034599,1.102795,-2.880052
.034622,1.036383,-2.813030
.419645,3.793654,-1.613059
.658695,0.584424,-2.833858
.999390,1.853848,-1.251481
.176038,1.759553,-1.218261
.609415,5.098345,-3.084781
.397401,2.402384,-3.148167
.570976,2.423506,-3.220700
.368969,2.339988,-3.244950
.350850,1.705756,-2.671947
.339690,1.571795,-2.680398
.748682,2.632141,-2.592129
.901886,2.762472,-2.664735
.363586,1.460902,-2.561064
.219853,1.324134,-2.752299
.996048,0.968664,-2.778721
.018634,0.950150,-2.648549
.805099,4.463897,-2.940526
.811597,4.737033,-3.637663
.781412,4.720815,-3.674917
.307282,1.321837,-2.586061
.643054,0.635940,-1.103286
.811149,0.638241,-1.400273
.716248,0.595861,-1.294035
.310851,0.858409,-2.020645
.406811,0.919977,-2.061425
.624546,1.024340,-1.818080
.981942,0.541513,-3.071316
.184658,0.570102,-3.091260
.336931,0.555432,-3.018952
.307559,1.260890,-2.551058
.296303,1.174687,-2.578771
.966192,1.972734,-3.010433
.069907,1.844093,-2.974524
.178217,0.895469,-2.256577
.274918,0.922844,-2.177593
.411007,0.988177,-2.175008
.407576,3.769951,-1.923086
.003316,2.924251,-0.909967
.187259,0.645327,-1.614691
.209928,0.765157,-1.545999
.249790,0.715067,-1.637857
.551200,2.314163,-3.432410
.579236,2.221784,-3.503055
.443828,2.210684,-3.474121
.174406,2.677542,-2.700051
.134841,2.608657,-2.776920
.801741,1.656497,-1.753639
.445077,2.282453,-1.657150
.740890,3.027764,-0.930429
.776926,3.086854,-0.874617
.668935,2.548529,-3.105027
.965689,0.570361,-3.120038
.046891,0.613539,-0.957111
.839776,1.410418,-3.144743
.998815,1.451512,-2.808178
.895655,1.619863,-2.896527
.892071,0.669779,-1.510417
.628136,2.468366,-3.141033
.261942,4.549868,-3.764720
.585281,0.909644,-1.810665
.570706,0.890116,-1.862715
.395575,1.613683,-2.578092
.669263,3.626706,-1.813882
.839675,2.473532,-3.225244
.049792,2.478718,-3.215399
.896145,2.429966,-3.317597
.753105,0.836514,-3.006992
.729593,1.483556,-2.408637
.736123,1.297014,-2.479865
.642426,1.375004,-2.497253
.099681,1.466354,-2.947506
.459476,3.945808,-1.562454
.244300,2.861669,-2.277292
.659984,0.856711,-3.085319
.887205,0.697511,-2.783328
.563737,0.689519,-2.819382
.809003,0.675351,-2.862695
.962104,0.589847,-1.118527
.919590,0.566689,-1.178528
.555587,2.966695,-2.326997
.868421,0.552315,-3.211123
.974766,0.539664,-3.264580
.945125,4.096042,-3.464409
.919870,4.022965,-3.371605
.625679,1.950328,-2.324449
.066154,0.569922,-3.318660
.381964,2.511544,-1.665031
.257148,0.610519,-3.109646
.542142,3.847003,-1.665461
.210033,0.618989,-2.836823
.390623,0.595998,-2.772765
.275969,0.657798,-2.782033
.269641,0.783214,-1.953901
.090323,2.293968,-3.422617
.950041,2.312929,-3.437833
.117666,2.381596,-3.354993
.404821,1.431061,-2.469519
.472197,2.251186,-1.730378
.765827,0.959835,-1.868784
.978668,2.083624,-3.050831
.078295,1.932524,-3.063081
.578923,3.780614,-1.777994
.597620,3.665559,-1.683438
.696118,1.865162,-1.591485
.636207,1.961729,-1.582881
.690217,1.832482,-1.693895
.884393,2.180544,-3.057094
.045800,2.086128,-3.070590
.722293,0.956851,-1.757266
.363480,0.531252,-3.182937
.145168,0.534005,-3.194887
.147469,0.534839,-3.284960
.716003,0.941675,-3.056744
.236146,4.426277,-3.170693
.101163,2.047719,-3.122371
.096628,4.758591,-3.754279
.218675,4.912730,-4.155216
.198588,4.892225,-4.069800
.199588,4.120119,-2.454417
.963850,3.837083,-2.722916
.844533,4.852611,-3.806845
.782367,3.394090,-2.345846
.790076,3.463975,-2.058930
.847827,1.687157,-1.879122
.773182,1.670660,-1.751866
.951829,4.207273,-1.720723
.967235,4.164501,-1.505638
.364812,5.008490,-2.799536
.279420,4.148651,-1.468182
.107843,4.162948,-1.486291
.819055,1.704020,-2.073214
.789982,1.721491,-1.936596
.762896,1.713158,-1.832963
.665851,1.691298,-1.772898
.121713,4.805765,-2.505118
.688515,1.731543,-2.012342
.658083,1.728580,-1.908297
.694788,1.713560,-2.121361
.588606,1.707600,-1.883465
.117868,4.759481,-2.792680
.565808,1.737385,-2.020403
.160930,2.795632,-2.961546
.278916,4.206879,-1.852270
.187536,3.318377,-2.092901
.314706,0.685297,-1.719238
.593288,4.123335,-2.013669
.308770,4.197540,-1.717792
.170209,4.196244,-1.612775
.939969,3.315157,-1.805086
.083351,3.290987,-2.487932
.129556,3.312005,-2.341906
.226096,3.270008,-2.360353
.020455,4.197630,-2.186129
.828604,4.613294,-2.612382
.159520,4.186401,-2.178618
.108984,4.210978,-1.965014
.293151,4.201254,-2.060308
.055693,3.359898,-2.097799
.854482,3.405173,-2.115201
.016244,3.349880,-1.933677
.144245,4.469855,-3.013426
.014206,3.253424,-1.663897
.364552,3.109790,-1.589215
.236257,0.832363,-1.254083
.605101,1.453818,-1.365562
.603163,1.342292,-1.450256
.880675,4.912490,-3.965364
.814785,4.842005,-3.899936
.851032,3.362179,-1.888036
.813813,3.308630,-1.769447
.056182,4.119201,-1.377331
.354928,4.213644,-2.155674
.190980,4.926387,-4.186061
.086465,4.215656,-1.763372
.182790,4.143739,-2.365887
.080851,2.554683,-1.024526
.876294,4.319761,-2.706463
.248880,4.154274,-2.304112
.314490,4.620590,-2.938416
.468007,3.621792,-1.614720
.035733,4.069699,-1.291736
.327893,4.197035,-2.263272
.205639,0.715839,-1.210958
.177747,0.754776,-1.333840
.138276,0.647974,-1.394415
.380049,3.268402,-2.389437
.966713,3.375100,-2.242264
.198622,0.778378,-1.444797
.051413,2.992736,-1.532753
.368104,2.193330,-3.445771
.333477,2.062027,-3.484156
.267465,2.088446,-3.403307
.225461,2.906473,-2.078550
.554819,2.558696,-1.630890
.520236,2.588205,-1.732693
.149450,2.983757,-1.739351
.768503,4.547613,-3.458490
.152307,2.998906,-1.877865
.843108,1.196347,-2.735367
.901530,1.375762,-2.777717
.416782,4.289922,-2.268440
.172177,2.884636,-2.460523
.939777,3.037373,-1.467265
.926844,3.131060,-1.574063
.127706,0.785828,-2.086076
.123207,0.851947,-2.165429
.586448,2.497869,-3.078591
.548406,2.603259,-3.040683
.702220,2.535877,-3.057122
.128720,3.034081,-2.114431
.055737,3.092575,-1.768651
.002672,3.114522,-1.656926
.126999,3.023330,-2.259928
.019995,3.143953,-2.024323
.937043,3.195728,-1.781360
.067472,2.992913,-2.488660
.087457,3.044194,-2.342738
.584306,2.606980,-2.351496
.108770,4.953309,-4.139034
.098315,4.928477,-4.157784
.016317,3.134876,-2.209951
.842515,3.232677,-1.647079
.723699,3.443249,-2.342576
.410039,2.978453,-1.189049
.753166,3.261266,-1.616113
.077859,2.509763,-0.897811
.902706,3.239067,-2.093847
.862409,3.267271,-1.927765
.787506,3.295839,-1.755725
.647334,3.272786,-1.540536
.914179,3.163454,-2.394388
.869800,3.239970,-2.247010
.712768,3.347501,-1.859706
.651849,3.341143,-1.705359
.774494,3.275969,-2.360309
.889246,2.645654,-3.018291
.587934,3.716299,-2.318878
.167644,1.242533,-2.756445
.119153,1.370639,-2.784898
.425812,1.236656,-2.245776
.448712,2.362119,-0.972537
.188001,0.605012,-1.200051
.784470,4.759114,-3.791531
.479301,1.309250,-1.702734
.397373,1.326198,-1.715122
.595684,2.451479,-0.987865
.172439,0.986827,-1.117585
.108785,0.863561,-1.030614
.181094,1.040497,-1.213058
.267156,1.094578,-1.264184
.978050,2.273336,-1.148460
.591226,1.100765,-2.615445
.748264,1.065773,-2.688203
.969755,4.588248,-2.751043
.532756,2.346629,-0.845647
.354206,1.855577,-0.942618
.424069,1.890646,-0.787262
.325529,2.166387,-0.956012
.399245,1.520621,-2.694634
.320021,1.724725,-1.114062
.416773,1.694716,-0.962871
.649498,1.213878,-1.384576
.379224,2.246978,-0.927734
.445238,3.270725,-2.608960
.491620,0.674623,-2.258001
.308674,0.668529,-2.155175
.180175,0.676344,-2.405936
.225667,2.185420,-3.219824
.456851,2.245693,-0.824890
.918994,2.509918,-1.243172
.534349,1.394646,-0.946940
.017357,0.808743,-1.103652
.046732,2.535010,-2.838738
.422750,2.106510,-0.781811
.685000,4.533406,-2.469071
.497968,1.752476,-0.807573
.821053,4.255922,-2.817313
.849684,4.247528,-2.664367
.625925,3.526082,-0.919897
.017367,0.733299,-1.064407
.392941,1.979971,-0.790672
.220384,2.231808,-2.958969
.218956,2.391939,-2.936742
.313603,2.351833,-2.963773
.057970,2.096336,-2.909256
.066359,2.317818,-2.887887
.130324,2.260981,-2.916082
.490986,1.109669,-2.511688
.563610,1.327955,-2.662004
.553046,1.313255,-1.606946
.462359,1.381562,-1.555369
.112381,0.754351,-0.940529
.585778,1.126382,-1.532137
.197768,0.934548,-1.035707
.501183,1.430489,-1.443186
.541858,1.553721,-0.846343
.832781,4.137455,-2.462215
.627276,3.705002,-1.046488
.675570,3.880774,-1.175301
.911011,3.090858,-2.544296
.670284,3.182611,-0.912352
.628293,3.294972,-0.880089
.550726,3.177185,-0.940930
.150640,0.658013,-1.504645
.635068,3.142430,-0.917978
.617876,3.413146,-0.878792
.557792,3.347326,-0.936384
.107322,1.810543,-3.064498
.813052,1.993090,-1.319374
.849181,1.851974,-1.380854
.006204,0.684899,-2.370138
.968180,0.614320,-2.346706
.082968,0.806121,-2.533539
.202897,0.764354,-2.477529
.825921,2.094488,-1.270680
.587122,3.038685,-0.949121
.544248,3.494684,-0.989813
.889480,2.228849,-1.205873
.229682,2.601986,-2.917835
.170543,2.739588,-2.822834
.327077,2.751177,-2.904572
.740306,2.244226,-1.355511
.479489,3.110123,-0.996501
.661072,3.021335,-0.937747
.143115,4.338905,-4.098583
.464553,0.604161,-1.002021
.430500,2.582489,-3.108395
.490486,2.478971,-3.122509
.991592,0.710472,-2.212869
.053283,0.783080,-2.297826
.667206,3.356288,-2.533692
.638946,3.544632,-2.443923
.722867,3.462599,-2.526497
.532681,3.670340,-1.123807
.737556,2.422209,-3.076880
.859738,2.467293,-3.017522
.835041,2.346604,-3.059624
.165831,0.577395,-1.510808
.543750,1.084415,-2.041393
.750220,3.608698,-2.517750
.989834,0.630323,-2.132404
.007422,0.707632,-2.149877
.042481,0.788835,-2.192610
.494837,3.334461,-1.009064
.125491,1.237402,-2.724731
.156135,1.076971,-2.719963
.181837,2.505480,-2.897908
.140590,0.603515,-1.377821
.775150,2.371569,-1.330238
.183488,0.570011,-1.380974
.533290,2.194005,-1.646908
.551986,2.278305,-1.588971
.566710,2.437404,-1.570855
.072392,0.680674,-2.070237
.432509,4.249156,-2.375230
.066129,0.590287,-2.032039
.628033,2.116773,-1.516605
.628435,2.613849,-1.552153
.132209,1.425428,-2.445785
.870518,2.632850,-1.311174
.124798,0.670907,-1.987285
.639857,2.350465,-1.466350
.857831,4.392697,-2.703428
.412092,2.114393,-3.026253
.476722,1.984470,-3.033917
.731021,2.460662,-1.383931
.194373,0.560432,-2.891540
.874098,2.376119,-3.070176
.785708,3.208790,-2.481253
.562819,3.927913,-1.348492
.217577,0.603665,-1.862677
.705758,1.956740,-1.455628
.691281,2.576810,-1.465114
.581830,5.133530,-3.000764
.533075,1.007387,-2.027248
.564838,3.805666,-1.197809
.229762,0.674146,-1.895499
.711385,2.067587,-1.400111
.768599,2.712607,-1.431782
.826134,2.741408,-1.351155
.058783,2.699902,-3.067074
.046165,2.815272,-3.039019
.219867,2.750917,-3.011484
.912956,3.655164,-2.593400
.785033,3.741681,-2.531396
.867521,3.800024,-2.567573
.772322,1.816822,-1.515861
.190978,0.579988,-3.313073
.345334,0.567517,-3.266716
.950597,2.683984,-3.078560
.408437,3.211272,-1.069849
.776484,2.481968,-3.045189
.587943,4.444417,-2.340837
.274468,1.904071,-3.444798
.359941,1.812381,-3.496710
.358798,1.661967,-3.456850
.762357,3.294837,-2.576831
.430063,0.552859,-2.856025
.330841,0.551616,-2.956231
.258800,2.908899,-2.801466
.810757,2.933408,-0.948624
.197983,2.917649,-2.987131
.485495,3.014003,-1.031518
.325405,1.943771,-3.491924
.012111,0.867578,-2.578893
.239534,4.682259,-4.235668
.634011,2.947346,-2.858210
.793790,2.813545,-2.845736
.644379,2.824011,-2.903904
.891713,2.938722,-2.940498
.771768,2.993674,-2.887911
.941767,3.050805,-2.854082
.174593,4.826356,-4.208445
.981576,2.913462,-2.981702
.907681,2.803876,-3.058873
.869139,2.869143,-3.009600
.358789,3.343230,-2.549524
.424809,3.163213,-2.781437
.334866,3.063697,-2.881785
.276356,3.139854,-2.811245
.734093,1.617907,-2.299429
.362741,2.361930,-3.283800
.869892,2.606488,-2.942718
.004094,2.464939,-2.918224
.038751,4.591433,-3.928513
.347464,0.811910,-2.592711
.922267,4.872200,-4.010793
.968736,4.809846,-3.999366
.379032,1.332899,-3.319245
.481105,1.135003,-3.297372
.048985,4.308214,-3.875850
.090921,4.320717,-4.019567
.905872,4.692264,-3.819833
.007705,4.427180,-3.754119
.827809,4.740245,-3.829332
.937323,4.588223,-3.737057
.001857,4.244770,-3.658796
.010682,4.169708,-3.766659
.915604,4.457746,-3.540513
.208399,1.014860,-2.975512
.811499,4.635009,-3.686841
.769769,4.639988,-3.634498
.955516,4.277131,-3.416586
.812084,4.509940,-3.496623
.935947,4.362889,-3.451956
.276292,3.254831,-2.676178
.530419,3.092817,-2.812684
.491026,2.991334,-2.884874
.334743,0.869131,-2.517252
.158730,0.796880,-2.475920
.988054,3.985038,-3.432488
.940802,4.165668,-3.291618
.262466,2.969511,-2.868643
.130939,2.872112,-2.935657
.255282,3.040804,-2.803569
.896325,0.563050,-2.062926
.769338,0.604755,-2.129757
.782143,0.565363,-2.223972
.456610,0.568920,-2.731190
.501387,0.556704,-2.572018
.364842,0.566418,-2.483654
.687426,3.066065,-2.827269
.767346,2.716965,-3.064109
.346191,1.479162,-3.343250
.269777,1.714381,-3.393938
.213037,1.837268,-3.377798
.205629,1.939036,-3.358773
.785068,4.452834,-3.348079
.184687,2.294866,-2.862941
.089064,2.301184,-2.939432
.281980,1.575147,-3.311608
.206880,1.746329,-3.303500
.441296,2.328425,-3.354258
.311150,2.229081,-3.350647
.220379,2.089469,-3.308504
.873180,4.305762,-3.200557
.356440,2.967111,-2.943672
.457599,2.552952,-3.056589
.330570,2.523953,-3.062210
.355491,2.583991,-3.030233
.232655,1.557484,-3.222952
.146072,1.832838,-3.224555
.164684,1.984922,-3.266310
.783179,4.442813,-3.244937
.289629,1.392631,-3.231459
.144640,1.915293,-3.207685
.915495,4.222446,-3.148316
.270756,1.359166,-3.140851
.164202,1.685311,-3.139301
.796391,4.348607,-3.113294
.122209,2.562605,-3.079036
.316023,1.147290,-3.147725
.210393,1.478408,-3.075836
.815925,0.610586,-3.120870
.776414,0.568737,-3.034200
.873494,0.615400,-3.210912
.910856,0.772501,-3.115134
.997893,0.800641,-3.200123
.252987,1.269770,-3.032643
.704339,2.790474,-1.510084
.769838,4.428868,-2.638644
.683201,4.468385,-2.545078
.861158,4.225563,-3.035918
.224284,0.667796,-3.297019
.936966,0.619979,-3.148617
.239068,0.687895,-1.616341
.299891,0.711855,-1.395168
.063075,0.688454,-1.639366
.864867,4.025949,-2.898565
.546594,3.255610,-2.598387
.424748,3.231728,-2.688176
.792610,0.697153,-3.026238
.116686,0.952063,-3.062349
.121915,1.689681,-3.017998
.104742,0.868991,-3.206991
.932022,3.962439,-3.000392
.868260,4.066985,-2.989739
.892932,4.148981,-2.962537
.894676,4.108546,-2.975226
.658448,5.016297,-3.174419
.590230,4.879559,-3.119890
.499912,4.919941,-3.045279
.748522,0.630650,-2.926665
.697015,0.578770,-3.175461
.826199,4.218627,-2.962479
.443436,5.023934,-2.930993
.821462,0.785114,-2.933123
.234257,1.089825,-2.923588
.218119,1.236584,-2.928354
.438081,0.542861,-2.728293
.812889,4.224046,-2.891278
.015483,2.600894,-2.866355
.099788,2.522744,-2.831933
.305695,2.658853,-3.078231
.904101,3.944987,-2.818475
.786806,0.800245,-2.819112
.203715,1.182899,-2.824939
.920647,2.999548,-2.639885
.942386,2.907225,-2.708590
.756247,2.981254,-2.786417
.735033,0.565457,-1.201113
.813836,1.746616,-2.553094
.913660,1.770893,-2.673917
.980253,1.672787,-2.617447
.627868,2.859370,-1.537569
.879569,4.087006,-2.825114
.732683,0.693414,-2.813811
.200907,1.080382,-2.809908
.273544,2.644212,-3.038756
.830066,2.364413,-3.406849
.690059,2.342546,-3.422823
.992067,2.781029,-2.772005
.901976,2.806160,-2.800693
.846267,4.130105,-2.780266
.944508,1.926157,-2.805802
.833128,2.014720,-2.736822
.924040,2.057889,-2.847938
.127428,0.581707,-0.984567
.625669,2.383065,-3.355862
.159949,4.854605,-2.742127
.492480,3.342689,-2.488856
.261605,0.672899,-2.507194
.212188,0.587088,-2.323566
.118059,0.649367,-2.250139
.847961,3.974866,-2.661432
.809284,2.161988,-2.744148
.741094,2.289047,-2.675898
.861000,2.257760,-2.802598
.779854,2.383851,-2.711323
.296028,2.861701,-2.933361
.834713,4.132061,-2.665660
.750689,2.053442,-2.656129
.699952,2.439650,-2.599541
.866513,4.048032,-2.663930
.751354,2.827499,-2.998138
.720553,2.172767,-2.627313
.357584,3.219639,-2.527510
.157749,3.216792,-2.570568
.500416,0.570496,-3.232068
.393777,0.649874,-3.267885
.629130,2.121054,-3.261864
.535310,2.260437,-3.271397
.644816,2.230061,-3.207119
.638287,0.719257,-3.220264
.654116,2.325393,-2.578872
.616405,3.125610,-2.735772
.903237,3.846188,-2.607817
.714697,2.282761,-3.140010
.822622,2.124824,-3.141068
.606579,1.580377,-2.342445
.429695,0.684215,-2.726102
.899457,2.198745,-3.489869
.828354,4.072010,-2.560772
.485928,2.852868,-2.984163
.324782,2.750878,-3.031694
.763822,1.928107,-2.603680
.644225,2.210943,-2.562812
.556695,0.681799,-2.529607
.614765,2.974038,-2.909455
.434395,2.980788,-2.860625
.592780,3.117230,-2.726623
.366061,2.885679,-2.979931
.472182,1.236158,-2.493835
.520406,1.325423,-2.621280
.895356,1.639223,-2.461866
.659109,2.029569,-2.524364
.633289,2.862580,-2.980896
.820748,3.923570,-2.523932
.435464,1.016309,-2.439261
.725121,1.824876,-2.482942
.671779,1.952932,-2.465420
.593454,2.225519,-2.483507
.617396,2.459347,-2.491589
.713626,2.804645,-2.453873
.860861,2.857790,-2.581470
.386924,0.958582,-2.386930
.930118,3.198678,-2.734236
.133035,1.555812,-2.597587
.981546,1.538041,-2.414980
.649118,2.606276,-2.492104
.706212,2.888169,-2.419793
.795644,4.015387,-2.468361
.608758,4.438879,-2.473225
.245139,0.893133,-2.378775
.509779,0.961738,-2.570864
.417652,1.312547,-2.425662
.457964,1.384289,-2.565927
.770565,1.738371,-2.418660
.591136,2.041177,-2.395633
.574010,2.414956,-2.413258
.719363,3.817062,-2.439242
.548756,2.134857,-2.365803
.569074,2.277683,-2.394712
.779910,3.192411,-2.684666
.233188,0.546504,-1.952112
.520694,4.228123,-2.467901
.065137,0.770864,-2.387517
.122946,0.847662,-2.346078
.525188,3.116806,-2.398647
.500463,3.275671,-2.376080
.573437,3.264971,-2.475311
.549112,3.356874,-2.437896
.918053,2.214962,-3.074359
.006135,2.261363,-3.004410
.740409,4.038537,-2.375148
.680496,1.806453,-2.340457
.071656,2.763717,-2.725056
.478191,4.341706,-2.352013
.746637,1.709293,-2.302043
.932841,2.063509,-3.087855
.368741,2.277107,-3.342597
.494227,2.166966,-3.319107
.058304,2.893004,-2.638885
.871863,3.285052,-2.627039
.553914,3.159401,-2.679766
.796851,3.057802,-2.693762
.421459,1.350566,-2.497055
.694428,3.170295,-2.623716
.553373,2.344069,-3.186134
.474657,1.619408,-2.364874
.633305,0.558486,-2.324458
.602085,0.613833,-2.283418
.562830,0.597756,-2.276667
.256848,0.697376,-2.635786
.100710,0.686183,-2.321404
.679545,2.714955,-2.925181
.712907,2.647077,-2.973297
.663588,2.600453,-3.037934
.512386,3.220735,-2.576874
.065849,3.138654,-2.712517
.058650,3.212649,-2.642087
.515484,1.465506,-2.429802
.993562,0.707589,-1.292238
.076404,2.891407,-2.983063
.522321,1.621076,-2.302874
.526420,1.305007,-2.536612
.083900,0.552036,-1.710958
.655187,3.280295,-2.502802
.282594,4.035061,-2.442194
.308981,4.118206,-2.363308
.101631,0.541503,-2.020146
.022969,0.535632,-2.256130
.358401,3.949829,-2.449959
.381457,4.067838,-2.413043
.379624,0.769273,-3.269449
.309539,3.147203,-2.663762
.778487,3.298413,-2.549327
.333207,0.896400,-2.529126
.432633,3.820201,-2.460512
.457025,3.658964,-2.515326
.435521,3.546264,-2.562115
.639531,2.823920,-2.948439
.706617,2.875461,-2.917767
.774697,2.782790,-2.957204
.133147,0.590517,-2.145482
.338581,3.139060,-2.674677
.510753,3.548119,-2.513064
.133696,3.078771,-2.751128
.517936,2.669256,-2.990782
.534696,3.257877,-2.613714
.572968,3.174536,-2.717245
.475058,2.996950,-2.832683
.328645,3.053336,-2.733941
.743993,0.657630,-3.185058
.217282,2.222371,-3.402157
.578673,3.405592,-2.516864
.618615,3.341588,-2.537853
.446071,3.381924,-2.579347
.672939,3.420836,-2.432992
.645195,3.063142,-2.825378
.700310,3.274550,-2.645533
.672869,2.970798,-2.872304
.710092,3.145972,-2.777693
.789922,3.192176,-2.740386
.748617,3.343828,-2.539833
.801479,3.064103,-2.835079
.877959,3.249530,-2.680111
.868616,2.944387,-2.878945
.891950,3.299176,-2.603883
.867676,2.765112,-1.279441
.256594,2.809942,-2.999417
.934850,3.074902,-2.803526
.482824,0.613033,-1.053735
.947117,3.173476,-2.740413
.995630,3.266300,-2.613075
.642595,1.269516,-2.531939
.042448,0.585768,-1.702344
.440735,2.802559,-2.977488
.025853,3.004915,-2.848495
.020310,2.871875,-2.940603
.853581,1.933855,-3.156807
.994013,0.589512,-1.661886
.831634,2.945671,-2.531808
.014884,2.753096,-2.738202
.928689,3.131641,-2.629857
.862518,3.040882,-2.590035
.884221,3.330672,-2.634028
.835698,3.439214,-2.602014
.569642,1.114951,-2.547204
.572646,2.711086,-2.971441
.488208,2.842123,-2.923486
.476596,1.125432,-2.583287
.472339,1.201183,-2.574392
.452596,1.031509,-2.572834
.703678,1.702932,-2.876513
.812601,1.281409,-3.173727
.104956,1.930731,-2.907149
.796784,4.250452,-2.653498
.371140,2.497609,-2.969992
.054149,1.696329,-2.721336
.210624,1.720132,-2.853364
.207981,1.632263,-2.761156
.632128,4.190501,-2.549086
.037073,1.796542,-2.808480
.249127,0.947238,-2.576475
.406998,2.656691,-2.949075
.498001,2.469717,-3.036065
.395430,2.397354,-3.011784
.302311,1.077542,-2.594034
.402714,1.747179,-2.918973
.214394,0.533517,-2.547063
.978014,3.572572,-2.626080
.264946,2.118478,-2.968382
.484440,2.591647,-2.990216
.505110,2.273531,-3.056264
.394432,2.254434,-3.021764
.815467,1.856566,-2.964101
.522566,1.465803,-2.673068
.151223,0.988174,-2.585017
.227315,1.977780,-2.960569
.674058,1.899233,-2.980575
.758676,2.678553,-3.007031
.622964,1.995925,-3.034280
.773106,4.166727,-2.612211
.796474,1.986579,-3.007509
.226831,1.493811,-2.601483
.673812,1.215075,-2.699930
.742893,1.321871,-2.757379
.688856,1.470466,-2.784201
.792149,1.408361,-2.795017
.885536,0.536691,-1.585104
.331738,1.919641,-2.974570
.790035,2.144476,-3.049269
.811780,1.727809,-2.929536
.543197,0.707965,-3.068193
.039331,2.137179,-3.487134
.174104,1.802443,-2.895805
.827361,1.539120,-3.182229
.805534,1.707421,-3.200308
.615072,2.549013,-3.041886
.750935,1.067118,-3.140165
.769523,1.610002,-2.871167
.721551,1.897179,-3.225623
.741575,1.158934,-3.206551
.728013,1.388586,-3.212078
.730960,1.536864,-3.243987
.675143,1.630799,-3.275444
.613993,1.739333,-3.285737
.612751,1.061720,-3.185238
.595710,1.321238,-3.252676
.647665,1.193312,-3.241840
.509388,2.124273,-3.528775
.577972,1.464509,-3.288974
.608372,1.824251,-3.281512
.477568,2.934393,-1.677094
.561322,0.894017,-3.134499
.510024,2.030344,-3.316451
.100134,0.612435,-2.004967
.031539,0.671826,-2.001900
.543684,0.985551,-3.189849
.463732,1.167271,-3.286329
.489622,1.772460,-3.334819
.486541,1.554086,-3.320339
.510656,1.624661,-3.339898
.463287,1.923319,-3.353591
.461531,0.851489,-3.141089
.387460,0.878233,-3.148666
.446895,1.004399,-3.225821
.451772,1.254238,-3.293161
.371212,1.389592,-3.327379
.434639,1.422084,-3.327545
.297863,0.772732,-3.115274
.331044,1.489133,-3.370195
.274158,0.686875,-3.118412
.305196,1.574081,-3.375219
.337342,1.650399,-3.399063
.404910,1.755689,-3.395250
.362405,2.084743,-3.378185
.341929,2.170978,-3.381678
.320709,1.055942,-3.266884
.304325,1.278120,-3.320416
.370449,1.909720,-3.404740
.347426,1.176947,-3.310138
.287043,1.739562,-3.429877
.290908,1.867460,-3.425596
.273930,0.900844,-3.196973
.254327,0.970482,-3.264083
.241706,1.340348,-3.367736
.198050,2.067426,-3.438458
.165150,1.639676,-3.427180
.181005,1.038152,-3.304027
.160186,1.112681,-3.308719
.206675,1.191726,-3.333336
.135552,0.828491,-3.147036
.136144,1.894885,-3.466766
.113513,0.887989,-3.212552
.106920,1.311415,-3.394131
.116416,1.463431,-3.428031
.004647,0.678779,-3.155690
.091300,0.961218,-3.291172
.074815,1.744282,-3.469919
.129588,2.015064,-3.484723
.010148,1.525218,-3.439411
.903994,0.771340,-3.170642
.032957,1.082712,-3.337042
.010096,2.010478,-3.517321
.985423,1.197311,-3.378510
.982100,1.874580,-3.517612
.964649,1.612112,-3.471308
.899136,0.829814,-3.177506
.878560,0.938348,-3.289752
.958341,1.334346,-3.434179
.920896,1.770631,-3.510018
.539811,0.668576,-2.909927
.894881,0.881104,-3.246536
.897008,1.022016,-3.325445
.886609,1.446694,-3.468818
.859664,1.188619,-3.402923
.824293,1.134730,-3.395404
.866354,1.311946,-3.426417
.884424,1.906804,-3.530459
.826242,1.566618,-3.488815
.842341,1.706787,-3.523145
.700454,1.855865,-3.548024
.806280,2.008042,-3.547992
.729788,1.082594,-3.360608
.772854,1.308534,-3.451359
.745322,1.605427,-3.530828
.344986,0.658920,-1.922145
.692955,0.602988,-2.933075
.731667,4.901054,-3.237095
.621527,0.823765,-3.223259
.669949,0.877958,-3.229637
.708394,1.420723,-3.499279
.212860,0.672399,-1.421601
.661836,1.755306,-3.559236
.666650,1.961609,-3.568871
.130051,0.541845,-2.578369
.626870,0.972957,-3.285562
.638044,1.364899,-3.471183
.308894,0.757632,-1.644007
.603119,1.645056,-3.546620
.425279,0.607554,-2.257478
.261434,0.552649,-2.244040
.428857,0.553621,-2.341818
.563336,1.273386,-3.410895
.610220,1.514467,-3.523023
.587338,2.026959,-3.563625
.507515,4.774198,-3.052616
.258647,0.564545,-1.688134
.213393,0.579236,-1.665142
.535640,1.839498,-3.564632
.506376,0.926355,-3.231843
.485060,1.540986,-3.489376
.051837,0.561006,-2.099351
.451321,1.709996,-3.535483
.446397,1.823698,-3.544899
.446956,1.977252,-3.543178
.728328,2.934031,-0.994000
.351036,1.421600,-1.529628
.572082,0.559407,-1.745508
.605870,0.572215,-1.283757
.538310,0.571716,-1.444374
.398264,0.573282,-1.305351
.509126,0.581966,-1.114686
.648259,0.571026,-1.082763
.241120,0.601646,-1.012565
.289917,0.546555,-2.118305
.236877,0.550402,-2.040437
.601456,0.572441,-0.915361
.282672,0.579143,-0.876821
.809988,0.624141,-1.973913
.787395,0.600855,-1.848222
.667104,0.566031,-1.732077
.488695,0.763572,-1.913056
.100090,0.636640,-1.883843
.193472,0.615969,-1.757916
.109478,0.671077,-1.780493
.229064,0.565730,-1.827811
.169915,0.570744,-1.924263
.380241,0.744194,-1.770746
.352708,0.566382,-1.089099
.857208,0.677221,-1.926184
.071978,0.603736,-2.871196
.860323,0.571143,-1.861129
.445024,0.638073,-1.468629
.898483,0.576892,-0.968232
.057615,0.573202,-1.024961
.744838,0.581823,-1.552741
.540777,0.558027,-1.750593
.216034,0.576419,-1.211246
.336058,0.671598,-2.698250
.038171,0.576046,-2.098256
.049086,0.695028,-2.476685
.859474,0.693273,-2.617850
.411825,0.655824,-1.376280
.393900,0.569103,-1.671584
.744186,2.801646,-1.369709
.585512,2.886856,-1.480795
.419378,1.257147,-2.131525
.635581,0.595695,-1.154873
.290356,0.571086,-1.089440
.328983,0.580665,-2.196825
.473017,2.961903,-1.539922
.113476,0.601123,-2.182565
.989860,0.578033,-1.912803
.412450,0.633370,-1.538838
.850084,0.603360,-1.633173
.447722,2.942802,-1.407944
.071053,0.603390,-1.928217
.434781,2.936534,-1.261697
.368025,0.628644,-2.596147
.573059,2.866158,-1.366260
.618515,0.559129,-2.482303
.564062,0.561145,-2.828176
.509197,2.881066,-1.278974
.108231,0.701945,-2.704745
.521604,2.901137,-1.131819
.068242,0.678906,-2.818075
.198061,0.562561,-1.928051
.448284,2.976074,-1.110154
.599990,2.850147,-1.208652
.803707,0.712518,-1.227981
.146676,0.620062,-1.905295
.081182,0.548261,-2.973236
.715565,2.816809,-1.255996
.659545,2.875344,-1.066659
.612160,2.943046,-0.997899
.349594,0.696770,-1.506848
.276851,0.640177,-1.650645
.788907,2.823292,-1.117766
.038455,0.614107,-1.797138
.442801,0.701727,-1.239105
.863877,1.571761,-1.849764
.056238,1.418885,-2.286029
.831214,1.685653,-1.601151
.009012,1.409186,-2.129317
.958360,1.458120,-2.030631
.958697,1.458639,-1.937125
.887441,2.872928,-0.992088
.342217,0.582784,-1.663826
.954910,1.478364,-1.829465
.990738,1.537333,-1.644511
.919174,1.614223,-1.575372
.981318,2.859017,-1.032461
.208008,1.346186,-2.266274
.086095,1.359357,-2.076571
.032627,1.427675,-1.799028
.911516,1.699754,-1.450402
.372336,1.303681,-2.314881
.070415,0.538171,-2.399232
.087064,1.363082,-1.932681
.305147,1.296865,-2.150554
.205564,1.311166,-2.001453
.143401,1.356693,-1.850266
.052736,1.588493,-1.459467
.197632,0.531818,-2.308636
.137230,1.391757,-1.745998
.016615,1.671947,-1.376450
.003235,1.743613,-1.314210
.122476,0.542036,-2.131505
.131412,1.481021,-1.574518
.385531,0.571929,-1.849266
.463445,0.532540,-2.667042
.384278,0.530509,-2.399804
.307919,1.291674,-1.897120
.159981,1.632724,-1.326718
.289079,0.547178,-1.886286
.384958,1.260686,-1.990417
.275630,1.334598,-1.779825
.241409,1.410350,-1.623875
.232451,1.508077,-1.438461
.560499,0.531579,-2.447656
.411984,0.535323,-1.972094
.395622,1.524862,-1.341795
.325323,1.661278,-1.233691
.716752,0.535324,-2.777442
.814427,0.536552,-3.050736
.957944,0.535189,-3.101678
.790649,0.534657,-2.769129
.546086,0.534201,-1.973694
.281831,0.556938,-1.436805
.750996,0.534799,-2.420134
.730611,0.531698,-2.286365
.521831,0.525939,-1.917864
.470182,0.550484,-1.593073
.516838,1.546323,-1.285235
.909656,0.546822,-2.753230
.601875,0.536013,-2.152316
.772122,0.537751,-2.200403
.729272,0.593127,-2.150892
.405718,0.559229,-1.305331
.304500,0.567354,-1.133457
.086427,0.541699,-3.008552
.904271,0.542304,-2.449706
.033285,0.597053,-2.843537
.952292,0.611862,-2.613497
.607103,1.568499,-1.271354
.194706,0.594412,-2.969428
.140181,0.653954,-2.878049
.000403,0.682200,-2.612542
.322919,0.543944,-3.033916
.965741,0.616428,-2.069607
.736276,0.559966,-1.477910
.586969,0.560750,-1.354248
.360137,0.604200,-2.975459
.219755,0.685837,-2.814827
.147499,0.672504,-2.409060
.306857,0.678772,-2.909616
.983222,0.544761,-2.136784
.491207,1.245933,-1.883577
